,title,byline2
0,Decision to punish ex-senior official draws Party support,02 Oct 2017
1,Government leads in patriotic education,02 Oct 2017
2,How leaders are elected to CPC congress,02 Oct 2017
3,Chinese head home after hurricane,02 Oct 2017
4,Sun's disciplinary case sounds an alarm bell for Party,02 Oct 2017
5,"Through paper and pottery, artisans redefine village",02 Oct 2017
6,Centers need to embrace modern display methods to draw crowds,02 Oct 2017
7,Retired police dogs still being of service,02 Oct 2017
8,Training methods provide top skills,02 Oct 2017
9,Hairy crabs a must-have for fall holidays,02 Oct 2017
10,"Jiangsu protects renowned, high-quality water resources",02 Oct 2017
11,"Lakeside lifestyle provides tourism, jobs, slower pace",02 Oct 2017
12,Wetland reserve's wildlife returns,02 Oct 2017
13,Amazing China: a fresh perspective,02 Oct 2017
14,Powering forward,02 Oct 2017
15,Growth of middle class means major changes for China,02 Oct 2017
16,Quality-minded professionals redefine consumption,02 Oct 2017
17,Art of relaxation,02 Oct 2017
18,Controversial tunnel planned beneath world famous Stonehenge site,02 Oct 2017
19,Perseverance paying dividends,02 Oct 2017
20,Retested samples earn bans,02 Oct 2017
21,Golden State juggernaut,02 Oct 2017
